"establecimiento_id_establecimiento","establecimiento_nombre","establecimiento_direccion","establecimiento_tipo","establecimiento_longitud","establecimiento_latitud","establecimiento_oficial","establecimiento_calificacion_general","establecimiento_dimension_id_establecimiento","establecimiento_dimension_id_dimension","establecimiento_dimension_id_categoria","categoria_id_categoria","categoria_nombre","categoria_descripcion","servicio_id_servicio","servicio_nombre","servicio_descripcion","caracteristica_id_caracteristica","caracteristica_nombre","caracteristica_valor","caracteristica_Fid_servicio","establecimiento_servicio_id_establecimiento_servicio","establecimiento_servicio_Fid_establecimiento","establecimiento_servicio_Fid_servicio","usuario_id_usuario","usuario_nombre","usuario_correo","usuario_telefono","usuario_rol","usuario_id_establecimiento","usuario_password","prereserva_id_prereserva","prereserva_horayfecha","prereserva_cantpersonas","prereserva_id_establecimiento_servicio","prereserva_id_usuario","comentario_id_comentario","comentario_contenido","comentario_calificacion","comentario_Fid_establecimiento_servicio"
"1","The Westin Camino Real","14 Calle 0-20, Guatemala","Hotel","-90.51609802246094","14.59749984741211","1","3.40910005569458","1","1","1","1","Costoso",\N,"1","Hospedaje",\N,"3","caracteristica1","500","1","2","1","1","11","usuario2","user2@ggg.c","123456","normal",\N,"321","10","2015-10-15 17:00:00","4","2","11",\N,\N,\N,\N
"1","The Westin Camino Real","14 Calle 0-20, Guatemala","Hotel","-90.51609802246094","14.59749984741211","1","3.40910005569458","1","1","1","1","Costoso",\N,"1","Hospedaje",\N,"3","caracteristica1","500","1","2","1","1","11","usuario2","user2@ggg.c","123456","normal",\N,"321","11","2015-10-15 17:00:00","2","2","11",\N,\N,\N,\N
"1","The Westin Camino Real","14 Calle 0-20, Guatemala","Hotel","-90.51609802246094","14.59749984741211","1","3.40910005569458","1","1","1","1","Costoso",\N,"2","Lavanderia",\N,\N,\N,\N,\N,"3","1","2","8","usuario1","user1@correo.com","11223344","especial","1","123","14","2013-10-31 22:57:00","2","3","8","2","hospedaje camino real","5","2"
"1","The Westin Camino Real","14 Calle 0-20, Guatemala","Hotel","-90.51609802246094","14.59749984741211","1","3.40910005569458","1","1","1","1","Costoso",\N,"2","Lavanderia",\N,\N,\N,\N,\N,"3","1","2","8","usuario1","user1@correo.com","11223344","especial","1","123","14","2013-10-31 22:57:00","2","3","8","5","El hospedaje es malo!","1","2"
"1","The Westin Camino Real","14 Calle 0-20, Guatemala","Hotel","-90.51609802246094","14.59749984741211","1","3.40910005569458","1","1","1","1","Costoso",\N,"2","Lavanderia",\N,\N,\N,\N,\N,"3","1","2","8","usuario1","user1@correo.com","11223344","especial","1","123","14","2013-10-31 22:57:00","2","3","8","7","Me encanto el hospedaje de camino real :)!","7","2"
"1","The Westin Camino Real","14 Calle 0-20, Guatemala","Hotel","-90.51609802246094","14.59749984741211","1","3.40910005569458","1","1","1","1","Costoso",\N,"2","Lavanderia",\N,\N,\N,\N,\N,"3","1","2","8","usuario1","user1@correo.com","11223344","especial","1","123","14","2013-10-31 22:57:00","2","3","8","9","buenisimo!!","7","2"
"1","The Westin Camino Real","14 Calle 0-20, Guatemala","Hotel","-90.51609802246094","14.59749984741211","1","3.40910005569458","1","1","1","1","Costoso",\N,"2","Lavanderia",\N,\N,\N,\N,\N,"3","1","2","8","usuario1","user1@correo.com","11223344","especial","1","123","14","2013-10-31 22:57:00","2","3","8","14","pesimo servicio :(","1","2"
"1","The Westin Camino Real","14 Calle 0-20, Guatemala","Hotel","-90.51609802246094","14.59749984741211","1","3.40910005569458","1","1","1","1","Costoso",\N,"2","Lavanderia",\N,\N,\N,\N,\N,"3","1","2","8","usuario1","user1@correo.com","11223344","especial","1","123","14","2013-10-31 22:57:00","2","3","8","15","mas o menos ","3","2"
"1","The Westin Camino Real","14 Calle 0-20, Guatemala","Hotel","-90.51609802246094","14.59749984741211","1","3.40910005569458","1","1","1","1","Costoso",\N,"2","Lavanderia",\N,\N,\N,\N,\N,"3","1","2","8","usuario1","user1@correo.com","11223344","especial","1","123","14","2013-10-31 22:57:00","2","3","8","16","muy bueno!!!!! :D","6","2"
"1","The Westin Camino Real","14 Calle 0-20, Guatemala","Hotel","-90.51609802246094","14.59749984741211","1","3.40910005569458","1","1","1","1","Costoso",\N,"2","Lavanderia",\N,\N,\N,\N,\N,"3","1","2","8","usuario1","user1@correo.com","11223344","especial","1","123","14","2013-10-31 22:57:00","2","3","8","19",":P","3","2"
"1","The Westin Camino Real","14 Calle 0-20, Guatemala","Hotel","-90.51609802246094","14.59749984741211","1","3.40910005569458","1","1","1","1","Costoso",\N,"2","Lavanderia",\N,\N,\N,\N,\N,"3","1","2","8","usuario1","user1@correo.com","11223344","especial","1","123","14","2013-10-31 22:57:00","2","3","8","20","excelente!!","4","2"
"1","The Westin Camino Real","14 Calle 0-20, Guatemala","Hotel","-90.51609802246094","14.59749984741211","1","3.40910005569458","1","1","1","1","Costoso",\N,"2","Lavanderia",\N,\N,\N,\N,\N,"3","1","2","8","usuario1","user1@correo.com","11223344","especial","1","123","14","2013-10-31 22:57:00","2","3","8","21","bastante buenooon","3","2"
"1","The Westin Camino Real","14 Calle 0-20, Guatemala","Hotel","-90.51609802246094","14.59749984741211","1","3.40910005569458","1","1","1","1","Costoso",\N,"2","Lavanderia",\N,\N,\N,\N,\N,"3","1","2","8","usuario1","user1@correo.com","11223344","especial","1","123","14","2013-10-31 22:57:00","2","3","8","24","Malo","2","2"
"1","The Westin Camino Real","14 Calle 0-20, Guatemala","Hotel","-90.51609802246094","14.59749984741211","1","3.40910005569458","1","1","1","1","Costoso",\N,"2","Lavanderia",\N,\N,\N,\N,\N,"3","1","2","13","u2","correo@correo.com","4","normal",\N,"55","23","2016-02-24 13:04:00","2","3","13","2","hospedaje camino real","5","2"
"1","The Westin Camino Real","14 Calle 0-20, Guatemala","Hotel","-90.51609802246094","14.59749984741211","1","3.40910005569458","1","1","1","1","Costoso",\N,"2","Lavanderia",\N,\N,\N,\N,\N,"3","1","2","13","u2","correo@correo.com","4","normal",\N,"55","23","2016-02-24 13:04:00","2","3","13","5","El hospedaje es malo!","1","2"
"1","The Westin Camino Real","14 Calle 0-20, Guatemala","Hotel","-90.51609802246094","14.59749984741211","1","3.40910005569458","1","1","1","1","Costoso",\N,"2","Lavanderia",\N,\N,\N,\N,\N,"3","1","2","13","u2","correo@correo.com","4","normal",\N,"55","23","2016-02-24 13:04:00","2","3","13","7","Me encanto el hospedaje de camino real :)!","7","2"
"1","The Westin Camino Real","14 Calle 0-20, Guatemala","Hotel","-90.51609802246094","14.59749984741211","1","3.40910005569458","1","1","1","1","Costoso",\N,"2","Lavanderia",\N,\N,\N,\N,\N,"3","1","2","13","u2","correo@correo.com","4","normal",\N,"55","23","2016-02-24 13:04:00","2","3","13","9","buenisimo!!","7","2"
"1","The Westin Camino Real","14 Calle 0-20, Guatemala","Hotel","-90.51609802246094","14.59749984741211","1","3.40910005569458","1","1","1","1","Costoso",\N,"2","Lavanderia",\N,\N,\N,\N,\N,"3","1","2","13","u2","correo@correo.com","4","normal",\N,"55","23","2016-02-24 13:04:00","2","3","13","14","pesimo servicio :(","1","2"
"1","The Westin Camino Real","14 Calle 0-20, Guatemala","Hotel","-90.51609802246094","14.59749984741211","1","3.40910005569458","1","1","1","1","Costoso",\N,"2","Lavanderia",\N,\N,\N,\N,\N,"3","1","2","13","u2","correo@correo.com","4","normal",\N,"55","23","2016-02-24 13:04:00","2","3","13","15","mas o menos ","3","2"
"1","The Westin Camino Real","14 Calle 0-20, Guatemala","Hotel","-90.51609802246094","14.59749984741211","1","3.40910005569458","1","1","1","1","Costoso",\N,"2","Lavanderia",\N,\N,\N,\N,\N,"3","1","2","13","u2","correo@correo.com","4","normal",\N,"55","23","2016-02-24 13:04:00","2","3","13","16","muy bueno!!!!! :D","6","2"
"1","The Westin Camino Real","14 Calle 0-20, Guatemala","Hotel","-90.51609802246094","14.59749984741211","1","3.40910005569458","1","1","1","1","Costoso",\N,"2","Lavanderia",\N,\N,\N,\N,\N,"3","1","2","13","u2","correo@correo.com","4","normal",\N,"55","23","2016-02-24 13:04:00","2","3","13","19",":P","3","2"
"1","The Westin Camino Real","14 Calle 0-20, Guatemala","Hotel","-90.51609802246094","14.59749984741211","1","3.40910005569458","1","1","1","1","Costoso",\N,"2","Lavanderia",\N,\N,\N,\N,\N,"3","1","2","13","u2","correo@correo.com","4","normal",\N,"55","23","2016-02-24 13:04:00","2","3","13","20","excelente!!","4","2"
"1","The Westin Camino Real","14 Calle 0-20, Guatemala","Hotel","-90.51609802246094","14.59749984741211","1","3.40910005569458","1","1","1","1","Costoso",\N,"2","Lavanderia",\N,\N,\N,\N,\N,"3","1","2","13","u2","correo@correo.com","4","normal",\N,"55","23","2016-02-24 13:04:00","2","3","13","21","bastante buenooon","3","2"
"1","The Westin Camino Real","14 Calle 0-20, Guatemala","Hotel","-90.51609802246094","14.59749984741211","1","3.40910005569458","1","1","1","1","Costoso",\N,"2","Lavanderia",\N,\N,\N,\N,\N,"3","1","2","13","u2","correo@correo.com","4","normal",\N,"55","23","2016-02-24 13:04:00","2","3","13","24","Malo","2","2"
"1","The Westin Camino Real","14 Calle 0-20, Guatemala","Hotel","-90.51609802246094","14.59749984741211","1","3.40910005569458","1","1","1","1","Costoso",\N,"2","Lavanderia",\N,\N,\N,\N,\N,"3","1","2","14","don mynor","mynor@c.com","4443322","especial","23","123","26","2015-10-18 14:01:00","2","3","14","2","hospedaje camino real","5","2"
"1","The Westin Camino Real","14 Calle 0-20, Guatemala","Hotel","-90.51609802246094","14.59749984741211","1","3.40910005569458","1","1","1","1","Costoso",\N,"2","Lavanderia",\N,\N,\N,\N,\N,"3","1","2","14","don mynor","mynor@c.com","4443322","especial","23","123","26","2015-10-18 14:01:00","2","3","14","5","El hospedaje es malo!","1","2"
"1","The Westin Camino Real","14 Calle 0-20, Guatemala","Hotel","-90.51609802246094","14.59749984741211","1","3.40910005569458","1","1","1","1","Costoso",\N,"2","Lavanderia",\N,\N,\N,\N,\N,"3","1","2","14","don mynor","mynor@c.com","4443322","especial","23","123","26","2015-10-18 14:01:00","2","3","14","7","Me encanto el hospedaje de camino real :)!","7","2"
"1","The Westin Camino Real","14 Calle 0-20, Guatemala","Hotel","-90.51609802246094","14.59749984741211","1","3.40910005569458","1","1","1","1","Costoso",\N,"2","Lavanderia",\N,\N,\N,\N,\N,"3","1","2","14","don mynor","mynor@c.com","4443322","especial","23","123","26","2015-10-18 14:01:00","2","3","14","9","buenisimo!!","7","2"
"1","The Westin Camino Real","14 Calle 0-20, Guatemala","Hotel","-90.51609802246094","14.59749984741211","1","3.40910005569458","1","1","1","1","Costoso",\N,"2","Lavanderia",\N,\N,\N,\N,\N,"3","1","2","14","don mynor","mynor@c.com","4443322","especial","23","123","26","2015-10-18 14:01:00","2","3","14","14","pesimo servicio :(","1","2"
"1","The Westin Camino Real","14 Calle 0-20, Guatemala","Hotel","-90.51609802246094","14.59749984741211","1","3.40910005569458","1","1","1","1","Costoso",\N,"2","Lavanderia",\N,\N,\N,\N,\N,"3","1","2","14","don mynor","mynor@c.com","4443322","especial","23","123","26","2015-10-18 14:01:00","2","3","14","15","mas o menos ","3","2"
"1","The Westin Camino Real","14 Calle 0-20, Guatemala","Hotel","-90.51609802246094","14.59749984741211","1","3.40910005569458","1","1","1","1","Costoso",\N,"2","Lavanderia",\N,\N,\N,\N,\N,"3","1","2","14","don mynor","mynor@c.com","4443322","especial","23","123","26","2015-10-18 14:01:00","2","3","14","16","muy bueno!!!!! :D","6","2"
"1","The Westin Camino Real","14 Calle 0-20, Guatemala","Hotel","-90.51609802246094","14.59749984741211","1","3.40910005569458","1","1","1","1","Costoso",\N,"2","Lavanderia",\N,\N,\N,\N,\N,"3","1","2","14","don mynor","mynor@c.com","4443322","especial","23","123","26","2015-10-18 14:01:00","2","3","14","19",":P","3","2"
"1","The Westin Camino Real","14 Calle 0-20, Guatemala","Hotel","-90.51609802246094","14.59749984741211","1","3.40910005569458","1","1","1","1","Costoso",\N,"2","Lavanderia",\N,\N,\N,\N,\N,"3","1","2","14","don mynor","mynor@c.com","4443322","especial","23","123","26","2015-10-18 14:01:00","2","3","14","20","excelente!!","4","2"
"1","The Westin Camino Real","14 Calle 0-20, Guatemala","Hotel","-90.51609802246094","14.59749984741211","1","3.40910005569458","1","1","1","1","Costoso",\N,"2","Lavanderia",\N,\N,\N,\N,\N,"3","1","2","14","don mynor","mynor@c.com","4443322","especial","23","123","26","2015-10-18 14:01:00","2","3","14","21","bastante buenooon","3","2"
"1","The Westin Camino Real","14 Calle 0-20, Guatemala","Hotel","-90.51609802246094","14.59749984741211","1","3.40910005569458","1","1","1","1","Costoso",\N,"2","Lavanderia",\N,\N,\N,\N,\N,"3","1","2","14","don mynor","mynor@c.com","4443322","especial","23","123","26","2015-10-18 14:01:00","2","3","14","24","Malo","2","2"
"1","The Westin Camino Real","14 Calle 0-20, Guatemala","Hotel","-90.51609802246094","14.59749984741211","1","3.40910005569458","1","3","8","8","Cuatro estrellas",\N,"1","Hospedaje",\N,"3","caracteristica1","500","1","2","1","1","11","usuario2","user2@ggg.c","123456","normal",\N,"321","10","2015-10-15 17:00:00","4","2","11",\N,\N,\N,\N
"1","The Westin Camino Real","14 Calle 0-20, Guatemala","Hotel","-90.51609802246094","14.59749984741211","1","3.40910005569458","1","3","8","8","Cuatro estrellas",\N,"1","Hospedaje",\N,"3","caracteristica1","500","1","2","1","1","11","usuario2","user2@ggg.c","123456","normal",\N,"321","11","2015-10-15 17:00:00","2","2","11",\N,\N,\N,\N
"1","The Westin Camino Real","14 Calle 0-20, Guatemala","Hotel","-90.51609802246094","14.59749984741211","1","3.40910005569458","1","3","8","8","Cuatro estrellas",\N,"2","Lavanderia",\N,\N,\N,\N,\N,"3","1","2","8","usuario1","user1@correo.com","11223344","especial","1","123","14","2013-10-31 22:57:00","2","3","8","2","hospedaje camino real","5","2"
"1","The Westin Camino Real","14 Calle 0-20, Guatemala","Hotel","-90.51609802246094","14.59749984741211","1","3.40910005569458","1","3","8","8","Cuatro estrellas",\N,"2","Lavanderia",\N,\N,\N,\N,\N,"3","1","2","8","usuario1","user1@correo.com","11223344","especial","1","123","14","2013-10-31 22:57:00","2","3","8","5","El hospedaje es malo!","1","2"
"1","The Westin Camino Real","14 Calle 0-20, Guatemala","Hotel","-90.51609802246094","14.59749984741211","1","3.40910005569458","1","3","8","8","Cuatro estrellas",\N,"2","Lavanderia",\N,\N,\N,\N,\N,"3","1","2","8","usuario1","user1@correo.com","11223344","especial","1","123","14","2013-10-31 22:57:00","2","3","8","7","Me encanto el hospedaje de camino real :)!","7","2"
"1","The Westin Camino Real","14 Calle 0-20, Guatemala","Hotel","-90.51609802246094","14.59749984741211","1","3.40910005569458","1","3","8","8","Cuatro estrellas",\N,"2","Lavanderia",\N,\N,\N,\N,\N,"3","1","2","8","usuario1","user1@correo.com","11223344","especial","1","123","14","2013-10-31 22:57:00","2","3","8","9","buenisimo!!","7","2"
"1","The Westin Camino Real","14 Calle 0-20, Guatemala","Hotel","-90.51609802246094","14.59749984741211","1","3.40910005569458","1","3","8","8","Cuatro estrellas",\N,"2","Lavanderia",\N,\N,\N,\N,\N,"3","1","2","8","usuario1","user1@correo.com","11223344","especial","1","123","14","2013-10-31 22:57:00","2","3","8","14","pesimo servicio :(","1","2"
"1","The Westin Camino Real","14 Calle 0-20, Guatemala","Hotel","-90.51609802246094","14.59749984741211","1","3.40910005569458","1","3","8","8","Cuatro estrellas",\N,"2","Lavanderia",\N,\N,\N,\N,\N,"3","1","2","8","usuario1","user1@correo.com","11223344","especial","1","123","14","2013-10-31 22:57:00","2","3","8","15","mas o menos ","3","2"
"1","The Westin Camino Real","14 Calle 0-20, Guatemala","Hotel","-90.51609802246094","14.59749984741211","1","3.40910005569458","1","3","8","8","Cuatro estrellas",\N,"2","Lavanderia",\N,\N,\N,\N,\N,"3","1","2","8","usuario1","user1@correo.com","11223344","especial","1","123","14","2013-10-31 22:57:00","2","3","8","16","muy bueno!!!!! :D","6","2"
"1","The Westin Camino Real","14 Calle 0-20, Guatemala","Hotel","-90.51609802246094","14.59749984741211","1","3.40910005569458","1","3","8","8","Cuatro estrellas",\N,"2","Lavanderia",\N,\N,\N,\N,\N,"3","1","2","8","usuario1","user1@correo.com","11223344","especial","1","123","14","2013-10-31 22:57:00","2","3","8","19",":P","3","2"
"1","The Westin Camino Real","14 Calle 0-20, Guatemala","Hotel","-90.51609802246094","14.59749984741211","1","3.40910005569458","1","3","8","8","Cuatro estrellas",\N,"2","Lavanderia",\N,\N,\N,\N,\N,"3","1","2","8","usuario1","user1@correo.com","11223344","especial","1","123","14","2013-10-31 22:57:00","2","3","8","20","excelente!!","4","2"
"1","The Westin Camino Real","14 Calle 0-20, Guatemala","Hotel","-90.51609802246094","14.59749984741211","1","3.40910005569458","1","3","8","8","Cuatro estrellas",\N,"2","Lavanderia",\N,\N,\N,\N,\N,"3","1","2","8","usuario1","user1@correo.com","11223344","especial","1","123","14","2013-10-31 22:57:00","2","3","8","21","bastante buenooon","3","2"
"1","The Westin Camino Real","14 Calle 0-20, Guatemala","Hotel","-90.51609802246094","14.59749984741211","1","3.40910005569458","1","3","8","8","Cuatro estrellas",\N,"2","Lavanderia",\N,\N,\N,\N,\N,"3","1","2","8","usuario1","user1@correo.com","11223344","especial","1","123","14","2013-10-31 22:57:00","2","3","8","24","Malo","2","2"
"1","The Westin Camino Real","14 Calle 0-20, Guatemala","Hotel","-90.51609802246094","14.59749984741211","1","3.40910005569458","1","3","8","8","Cuatro estrellas",\N,"2","Lavanderia",\N,\N,\N,\N,\N,"3","1","2","13","u2","correo@correo.com","4","normal",\N,"55","23","2016-02-24 13:04:00","2","3","13","2","hospedaje camino real","5","2"
"1","The Westin Camino Real","14 Calle 0-20, Guatemala","Hotel","-90.51609802246094","14.59749984741211","1","3.40910005569458","1","3","8","8","Cuatro estrellas",\N,"2","Lavanderia",\N,\N,\N,\N,\N,"3","1","2","13","u2","correo@correo.com","4","normal",\N,"55","23","2016-02-24 13:04:00","2","3","13","5","El hospedaje es malo!","1","2"
"1","The Westin Camino Real","14 Calle 0-20, Guatemala","Hotel","-90.51609802246094","14.59749984741211","1","3.40910005569458","1","3","8","8","Cuatro estrellas",\N,"2","Lavanderia",\N,\N,\N,\N,\N,"3","1","2","13","u2","correo@correo.com","4","normal",\N,"55","23","2016-02-24 13:04:00","2","3","13","7","Me encanto el hospedaje de camino real :)!","7","2"
"1","The Westin Camino Real","14 Calle 0-20, Guatemala","Hotel","-90.51609802246094","14.59749984741211","1","3.40910005569458","1","3","8","8","Cuatro estrellas",\N,"2","Lavanderia",\N,\N,\N,\N,\N,"3","1","2","13","u2","correo@correo.com","4","normal",\N,"55","23","2016-02-24 13:04:00","2","3","13","9","buenisimo!!","7","2"
"1","The Westin Camino Real","14 Calle 0-20, Guatemala","Hotel","-90.51609802246094","14.59749984741211","1","3.40910005569458","1","3","8","8","Cuatro estrellas",\N,"2","Lavanderia",\N,\N,\N,\N,\N,"3","1","2","13","u2","correo@correo.com","4","normal",\N,"55","23","2016-02-24 13:04:00","2","3","13","14","pesimo servicio :(","1","2"
"1","The Westin Camino Real","14 Calle 0-20, Guatemala","Hotel","-90.51609802246094","14.59749984741211","1","3.40910005569458","1","3","8","8","Cuatro estrellas",\N,"2","Lavanderia",\N,\N,\N,\N,\N,"3","1","2","13","u2","correo@correo.com","4","normal",\N,"55","23","2016-02-24 13:04:00","2","3","13","15","mas o menos ","3","2"
"1","The Westin Camino Real","14 Calle 0-20, Guatemala","Hotel","-90.51609802246094","14.59749984741211","1","3.40910005569458","1","3","8","8","Cuatro estrellas",\N,"2","Lavanderia",\N,\N,\N,\N,\N,"3","1","2","13","u2","correo@correo.com","4","normal",\N,"55","23","2016-02-24 13:04:00","2","3","13","16","muy bueno!!!!! :D","6","2"
"1","The Westin Camino Real","14 Calle 0-20, Guatemala","Hotel","-90.51609802246094","14.59749984741211","1","3.40910005569458","1","3","8","8","Cuatro estrellas",\N,"2","Lavanderia",\N,\N,\N,\N,\N,"3","1","2","13","u2","correo@correo.com","4","normal",\N,"55","23","2016-02-24 13:04:00","2","3","13","19",":P","3","2"
"1","The Westin Camino Real","14 Calle 0-20, Guatemala","Hotel","-90.51609802246094","14.59749984741211","1","3.40910005569458","1","3","8","8","Cuatro estrellas",\N,"2","Lavanderia",\N,\N,\N,\N,\N,"3","1","2","13","u2","correo@correo.com","4","normal",\N,"55","23","2016-02-24 13:04:00","2","3","13","20","excelente!!","4","2"
"1","The Westin Camino Real","14 Calle 0-20, Guatemala","Hotel","-90.51609802246094","14.59749984741211","1","3.40910005569458","1","3","8","8","Cuatro estrellas",\N,"2","Lavanderia",\N,\N,\N,\N,\N,"3","1","2","13","u2","correo@correo.com","4","normal",\N,"55","23","2016-02-24 13:04:00","2","3","13","21","bastante buenooon","3","2"
"1","The Westin Camino Real","14 Calle 0-20, Guatemala","Hotel","-90.51609802246094","14.59749984741211","1","3.40910005569458","1","3","8","8","Cuatro estrellas",\N,"2","Lavanderia",\N,\N,\N,\N,\N,"3","1","2","13","u2","correo@correo.com","4","normal",\N,"55","23","2016-02-24 13:04:00","2","3","13","24","Malo","2","2"
"1","The Westin Camino Real","14 Calle 0-20, Guatemala","Hotel","-90.51609802246094","14.59749984741211","1","3.40910005569458","1","3","8","8","Cuatro estrellas",\N,"2","Lavanderia",\N,\N,\N,\N,\N,"3","1","2","14","don mynor","mynor@c.com","4443322","especial","23","123","26","2015-10-18 14:01:00","2","3","14","2","hospedaje camino real","5","2"
"1","The Westin Camino Real","14 Calle 0-20, Guatemala","Hotel","-90.51609802246094","14.59749984741211","1","3.40910005569458","1","3","8","8","Cuatro estrellas",\N,"2","Lavanderia",\N,\N,\N,\N,\N,"3","1","2","14","don mynor","mynor@c.com","4443322","especial","23","123","26","2015-10-18 14:01:00","2","3","14","5","El hospedaje es malo!","1","2"
"1","The Westin Camino Real","14 Calle 0-20, Guatemala","Hotel","-90.51609802246094","14.59749984741211","1","3.40910005569458","1","3","8","8","Cuatro estrellas",\N,"2","Lavanderia",\N,\N,\N,\N,\N,"3","1","2","14","don mynor","mynor@c.com","4443322","especial","23","123","26","2015-10-18 14:01:00","2","3","14","7","Me encanto el hospedaje de camino real :)!","7","2"
"1","The Westin Camino Real","14 Calle 0-20, Guatemala","Hotel","-90.51609802246094","14.59749984741211","1","3.40910005569458","1","3","8","8","Cuatro estrellas",\N,"2","Lavanderia",\N,\N,\N,\N,\N,"3","1","2","14","don mynor","mynor@c.com","4443322","especial","23","123","26","2015-10-18 14:01:00","2","3","14","9","buenisimo!!","7","2"
"1","The Westin Camino Real","14 Calle 0-20, Guatemala","Hotel","-90.51609802246094","14.59749984741211","1","3.40910005569458","1","3","8","8","Cuatro estrellas",\N,"2","Lavanderia",\N,\N,\N,\N,\N,"3","1","2","14","don mynor","mynor@c.com","4443322","especial","23","123","26","2015-10-18 14:01:00","2","3","14","14","pesimo servicio :(","1","2"
"1","The Westin Camino Real","14 Calle 0-20, Guatemala","Hotel","-90.51609802246094","14.59749984741211","1","3.40910005569458","1","3","8","8","Cuatro estrellas",\N,"2","Lavanderia",\N,\N,\N,\N,\N,"3","1","2","14","don mynor","mynor@c.com","4443322","especial","23","123","26","2015-10-18 14:01:00","2","3","14","15","mas o menos ","3","2"
"1","The Westin Camino Real","14 Calle 0-20, Guatemala","Hotel","-90.51609802246094","14.59749984741211","1","3.40910005569458","1","3","8","8","Cuatro estrellas",\N,"2","Lavanderia",\N,\N,\N,\N,\N,"3","1","2","14","don mynor","mynor@c.com","4443322","especial","23","123","26","2015-10-18 14:01:00","2","3","14","16","muy bueno!!!!! :D","6","2"
"1","The Westin Camino Real","14 Calle 0-20, Guatemala","Hotel","-90.51609802246094","14.59749984741211","1","3.40910005569458","1","3","8","8","Cuatro estrellas",\N,"2","Lavanderia",\N,\N,\N,\N,\N,"3","1","2","14","don mynor","mynor@c.com","4443322","especial","23","123","26","2015-10-18 14:01:00","2","3","14","19",":P","3","2"
"1","The Westin Camino Real","14 Calle 0-20, Guatemala","Hotel","-90.51609802246094","14.59749984741211","1","3.40910005569458","1","3","8","8","Cuatro estrellas",\N,"2","Lavanderia",\N,\N,\N,\N,\N,"3","1","2","14","don mynor","mynor@c.com","4443322","especial","23","123","26","2015-10-18 14:01:00","2","3","14","20","excelente!!","4","2"
"1","The Westin Camino Real","14 Calle 0-20, Guatemala","Hotel","-90.51609802246094","14.59749984741211","1","3.40910005569458","1","3","8","8","Cuatro estrellas",\N,"2","Lavanderia",\N,\N,\N,\N,\N,"3","1","2","14","don mynor","mynor@c.com","4443322","especial","23","123","26","2015-10-18 14:01:00","2","3","14","21","bastante buenooon","3","2"
"1","The Westin Camino Real","14 Calle 0-20, Guatemala","Hotel","-90.51609802246094","14.59749984741211","1","3.40910005569458","1","3","8","8","Cuatro estrellas",\N,"2","Lavanderia",\N,\N,\N,\N,\N,"3","1","2","14","don mynor","mynor@c.com","4443322","especial","23","123","26","2015-10-18 14:01:00","2","3","14","24","Malo","2","2"
"2","Hostal Villa Toscana","16 Calle 8-20, Zona 13, Aurora I, Guatemala","Hotel","-90.53215026855469","14.583535194396973","1",\N,"2","1","2","2","Barato",\N,"1","Hospedaje",\N,"3","caracteristica1","500","1","4","2","1",\N,\N,\N,\N,\N,\N,\N,\N,\N,\N,\N,\N,\N,\N,\N,\N
"2","Hostal Villa Toscana","16 Calle 8-20, Zona 13, Aurora I, Guatemala","Hotel","-90.53215026855469","14.583535194396973","1",\N,"2","1","2","2","Barato",\N,"4","Comida a la Carta",\N,\N,\N,\N,\N,"5","2","4","8","usuario1","user1@correo.com","11223344","especial","1","123","12","2014-12-31 12:59:00","2","5","8","10","muy bueno!","5","4"
"2","Hostal Villa Toscana","16 Calle 8-20, Zona 13, Aurora I, Guatemala","Hotel","-90.53215026855469","14.583535194396973","1",\N,"2","1","2","2","Barato",\N,"4","Comida a la Carta",\N,\N,\N,\N,\N,"5","2","4","8","usuario1","user1@correo.com","11223344","especial","1","123","12","2014-12-31 12:59:00","2","5","8","11","Tiene muchos problemas","2","4"
"2","Hostal Villa Toscana","16 Calle 8-20, Zona 13, Aurora I, Guatemala","Hotel","-90.53215026855469","14.583535194396973","1",\N,"2","1","2","2","Barato",\N,"4","Comida a la Carta",\N,\N,\N,\N,\N,"5","2","4","8","usuario1","user1@correo.com","11223344","especial","1","123","13","2011-10-28 11:57:00","1","5","8","10","muy bueno!","5","4"
"2","Hostal Villa Toscana","16 Calle 8-20, Zona 13, Aurora I, Guatemala","Hotel","-90.53215026855469","14.583535194396973","1",\N,"2","1","2","2","Barato",\N,"4","Comida a la Carta",\N,\N,\N,\N,\N,"5","2","4","8","usuario1","user1@correo.com","11223344","especial","1","123","13","2011-10-28 11:57:00","1","5","8","11","Tiene muchos problemas","2","4"
"2","Hostal Villa Toscana","16 Calle 8-20, Zona 13, Aurora I, Guatemala","Hotel","-90.53215026855469","14.583535194396973","1",\N,"2","1","2","2","Barato",\N,"4","Comida a la Carta",\N,\N,\N,\N,\N,"5","2","4","13","u2","correo@correo.com","4","normal",\N,"55","19","2015-10-29 14:01:00","1","5","13","10","muy bueno!","5","4"
"2","Hostal Villa Toscana","16 Calle 8-20, Zona 13, Aurora I, Guatemala","Hotel","-90.53215026855469","14.583535194396973","1",\N,"2","1","2","2","Barato",\N,"4","Comida a la Carta",\N,\N,\N,\N,\N,"5","2","4","13","u2","correo@correo.com","4","normal",\N,"55","19","2015-10-29 14:01:00","1","5","13","11","Tiene muchos problemas","2","4"
"2","Hostal Villa Toscana","16 Calle 8-20, Zona 13, Aurora I, Guatemala","Hotel","-90.53215026855469","14.583535194396973","1",\N,"2","1","2","2","Barato",\N,"4","Comida a la Carta",\N,\N,\N,\N,\N,"5","2","4","13","u2","correo@correo.com","4","normal",\N,"55","25","2015-10-30 02:02:00","1","5","13","10","muy bueno!","5","4"
"2","Hostal Villa Toscana","16 Calle 8-20, Zona 13, Aurora I, Guatemala","Hotel","-90.53215026855469","14.583535194396973","1",\N,"2","1","2","2","Barato",\N,"4","Comida a la Carta",\N,\N,\N,\N,\N,"5","2","4","13","u2","correo@correo.com","4","normal",\N,"55","25","2015-10-30 02:02:00","1","5","13","11","Tiene muchos problemas","2","4"
"2","Hostal Villa Toscana","16 Calle 8-20, Zona 13, Aurora I, Guatemala","Hotel","-90.53215026855469","14.583535194396973","1",\N,"2","3","7","7","Tres estrellas",\N,"1","Hospedaje",\N,"3","caracteristica1","500","1","4","2","1",\N,\N,\N,\N,\N,\N,\N,\N,\N,\N,\N,\N,\N,\N,\N,\N
"2","Hostal Villa Toscana","16 Calle 8-20, Zona 13, Aurora I, Guatemala","Hotel","-90.53215026855469","14.583535194396973","1",\N,"2","3","7","7","Tres estrellas",\N,"4","Comida a la Carta",\N,\N,\N,\N,\N,"5","2","4","8","usuario1","user1@correo.com","11223344","especial","1","123","12","2014-12-31 12:59:00","2","5","8","10","muy bueno!","5","4"
"2","Hostal Villa Toscana","16 Calle 8-20, Zona 13, Aurora I, Guatemala","Hotel","-90.53215026855469","14.583535194396973","1",\N,"2","3","7","7","Tres estrellas",\N,"4","Comida a la Carta",\N,\N,\N,\N,\N,"5","2","4","8","usuario1","user1@correo.com","11223344","especial","1","123","12","2014-12-31 12:59:00","2","5","8","11","Tiene muchos problemas","2","4"
"2","Hostal Villa Toscana","16 Calle 8-20, Zona 13, Aurora I, Guatemala","Hotel","-90.53215026855469","14.583535194396973","1",\N,"2","3","7","7","Tres estrellas",\N,"4","Comida a la Carta",\N,\N,\N,\N,\N,"5","2","4","8","usuario1","user1@correo.com","11223344","especial","1","123","13","2011-10-28 11:57:00","1","5","8","10","muy bueno!","5","4"
"2","Hostal Villa Toscana","16 Calle 8-20, Zona 13, Aurora I, Guatemala","Hotel","-90.53215026855469","14.583535194396973","1",\N,"2","3","7","7","Tres estrellas",\N,"4","Comida a la Carta",\N,\N,\N,\N,\N,"5","2","4","8","usuario1","user1@correo.com","11223344","especial","1","123","13","2011-10-28 11:57:00","1","5","8","11","Tiene muchos problemas","2","4"
"2","Hostal Villa Toscana","16 Calle 8-20, Zona 13, Aurora I, Guatemala","Hotel","-90.53215026855469","14.583535194396973","1",\N,"2","3","7","7","Tres estrellas",\N,"4","Comida a la Carta",\N,\N,\N,\N,\N,"5","2","4","13","u2","correo@correo.com","4","normal",\N,"55","19","2015-10-29 14:01:00","1","5","13","10","muy bueno!","5","4"
"2","Hostal Villa Toscana","16 Calle 8-20, Zona 13, Aurora I, Guatemala","Hotel","-90.53215026855469","14.583535194396973","1",\N,"2","3","7","7","Tres estrellas",\N,"4","Comida a la Carta",\N,\N,\N,\N,\N,"5","2","4","13","u2","correo@correo.com","4","normal",\N,"55","19","2015-10-29 14:01:00","1","5","13","11","Tiene muchos problemas","2","4"
"2","Hostal Villa Toscana","16 Calle 8-20, Zona 13, Aurora I, Guatemala","Hotel","-90.53215026855469","14.583535194396973","1",\N,"2","3","7","7","Tres estrellas",\N,"4","Comida a la Carta",\N,\N,\N,\N,\N,"5","2","4","13","u2","correo@correo.com","4","normal",\N,"55","25","2015-10-30 02:02:00","1","5","13","10","muy bueno!","5","4"
"2","Hostal Villa Toscana","16 Calle 8-20, Zona 13, Aurora I, Guatemala","Hotel","-90.53215026855469","14.583535194396973","1",\N,"2","3","7","7","Tres estrellas",\N,"4","Comida a la Carta",\N,\N,\N,\N,\N,"5","2","4","13","u2","correo@correo.com","4","normal",\N,"55","25","2015-10-30 02:02:00","1","5","13","11","Tiene muchos problemas","2","4"
"3","Cabana Suiza","Km. 20.8 Carretera a San Lucas Sacatepequez, Mixco Guatemala","Hotel","-90.611572265625","14.617692947387695","0",\N,"3","1","3","3","Accesible",\N,\N,\N,\N,\N,\N,\N,\N,\N,\N,\N,\N,\N,\N,\N,\N,\N,\N,\N,\N,\N,\N,\N,\N,\N,\N,\N
"4","Casa San Lazaro","Calle Bartolome Becerra No. 8 Barrio San Lazaro Antigua Guatemala, Sacatepequez","Hotel","-90.74156188964844","14.55527400970459","0",\N,"4","4","10","10","Pequeno",\N,\N,\N,\N,\N,\N,\N,\N,\N,\N,\N,\N,\N,\N,\N,\N,\N,\N,\N,\N,\N,\N,\N,\N,\N,\N,\N
"5","Monoloco","5 Avenida Sur 6,Antigua Guatemala, Sacatepequez","Restaurante","-90.73423767089844","14.556051254272461","1",\N,"5","3","7","7","Tres estrellas",\N,"3","Buffet",\N,\N,\N,\N,\N,"12","5","3",\N,\N,\N,\N,\N,\N,\N,\N,\N,\N,\N,\N,"3","lavanderia camino real","6","3"
"5","Monoloco","5 Avenida Sur 6,Antigua Guatemala, Sacatepequez","Restaurante","-90.73423767089844","14.556051254272461","1",\N,"5","3","7","7","Tres estrellas",\N,"3","Buffet",\N,\N,\N,\N,\N,"12","5","3",\N,\N,\N,\N,\N,\N,\N,\N,\N,\N,\N,\N,"6","la lavanderia de camino real deja mucho que desear","3","3"
"5","Monoloco","5 Avenida Sur 6,Antigua Guatemala, Sacatepequez","Restaurante","-90.73423767089844","14.556051254272461","1",\N,"5","3","7","7","Tres estrellas",\N,"3","Buffet",\N,\N,\N,\N,\N,"12","5","3",\N,\N,\N,\N,\N,\N,\N,\N,\N,\N,\N,\N,"8","La lavanderiaa de camino real es muy buena (y)","6","3"
"5","Monoloco","5 Avenida Sur 6,Antigua Guatemala, Sacatepequez","Restaurante","-90.73423767089844","14.556051254272461","1",\N,"5","3","7","7","Tres estrellas",\N,"3","Buffet",\N,\N,\N,\N,\N,"12","5","3",\N,\N,\N,\N,\N,\N,\N,\N,\N,\N,\N,\N,"17","pesimo >:/","1","3"
"5","Monoloco","5 Avenida Sur 6,Antigua Guatemala, Sacatepequez","Restaurante","-90.73423767089844","14.556051254272461","1",\N,"5","3","7","7","Tres estrellas",\N,"3","Buffet",\N,\N,\N,\N,\N,"12","5","3",\N,\N,\N,\N,\N,\N,\N,\N,\N,\N,\N,\N,"25","Malo","1","3"
"5","Monoloco","5 Avenida Sur 6,Antigua Guatemala, Sacatepequez","Restaurante","-90.73423767089844","14.556051254272461","1",\N,"5","3","7","7","Tres estrellas",\N,"3","Buffet",\N,\N,\N,\N,\N,"12","5","3",\N,\N,\N,\N,\N,\N,\N,\N,\N,\N,\N,\N,"26","Malo 2","1","3"
"5","Monoloco","5 Avenida Sur 6,Antigua Guatemala, Sacatepequez","Restaurante","-90.73423767089844","14.556051254272461","1",\N,"5","3","7","7","Tres estrellas",\N,"4","Comida a la Carta",\N,\N,\N,\N,\N,"13","5","4","13","u2","correo@correo.com","4","normal",\N,"55","16","2015-10-22 15:02:00","3","13","13","10","muy bueno!","5","4"
"5","Monoloco","5 Avenida Sur 6,Antigua Guatemala, Sacatepequez","Restaurante","-90.73423767089844","14.556051254272461","1",\N,"5","3","7","7","Tres estrellas",\N,"4","Comida a la Carta",\N,\N,\N,\N,\N,"13","5","4","13","u2","correo@correo.com","4","normal",\N,"55","16","2015-10-22 15:02:00","3","13","13","11","Tiene muchos problemas","2","4"
"5","Monoloco","5 Avenida Sur 6,Antigua Guatemala, Sacatepequez","Restaurante","-90.73423767089844","14.556051254272461","1",\N,"5","3","7","7","Tres estrellas",\N,"4","Comida a la Carta",\N,\N,\N,\N,\N,"13","5","4","13","u2","correo@correo.com","4","normal",\N,"55","22","2016-01-28 15:00:00","6","13","13","10","muy bueno!","5","4"
"5","Monoloco","5 Avenida Sur 6,Antigua Guatemala, Sacatepequez","Restaurante","-90.73423767089844","14.556051254272461","1",\N,"5","3","7","7","Tres estrellas",\N,"4","Comida a la Carta",\N,\N,\N,\N,\N,"13","5","4","13","u2","correo@correo.com","4","normal",\N,"55","22","2016-01-28 15:00:00","6","13","13","11","Tiene muchos problemas","2","4"
"5","Monoloco","5 Avenida Sur 6,Antigua Guatemala, Sacatepequez","Restaurante","-90.73423767089844","14.556051254272461","1",\N,"5","3","7","7","Tres estrellas",\N,"4","Comida a la Carta",\N,\N,\N,\N,\N,"13","5","4","13","u2","correo@correo.com","4","normal",\N,"55","24","2015-10-31 07:07:00","2","13","13","10","muy bueno!","5","4"
"5","Monoloco","5 Avenida Sur 6,Antigua Guatemala, Sacatepequez","Restaurante","-90.73423767089844","14.556051254272461","1",\N,"5","3","7","7","Tres estrellas",\N,"4","Comida a la Carta",\N,\N,\N,\N,\N,"13","5","4","13","u2","correo@correo.com","4","normal",\N,"55","24","2015-10-31 07:07:00","2","13","13","11","Tiene muchos problemas","2","4"
"5","Monoloco","5 Avenida Sur 6,Antigua Guatemala, Sacatepequez","Restaurante","-90.73423767089844","14.556051254272461","1",\N,"5","3","7","7","Tres estrellas",\N,"4","Comida a la Carta",\N,\N,\N,\N,\N,"13","5","4","14","don mynor","mynor@c.com","4443322","especial","23","123","15","2016-02-02 14:01:00","3","13","14","10","muy bueno!","5","4"
"5","Monoloco","5 Avenida Sur 6,Antigua Guatemala, Sacatepequez","Restaurante","-90.73423767089844","14.556051254272461","1",\N,"5","3","7","7","Tres estrellas",\N,"4","Comida a la Carta",\N,\N,\N,\N,\N,"13","5","4","14","don mynor","mynor@c.com","4443322","especial","23","123","15","2016-02-02 14:01:00","3","13","14","11","Tiene muchos problemas","2","4"
"5","Monoloco","5 Avenida Sur 6,Antigua Guatemala, Sacatepequez","Restaurante","-90.73423767089844","14.556051254272461","1",\N,"5","3","7","7","Tres estrellas",\N,"4","Comida a la Carta",\N,\N,\N,\N,\N,"13","5","4","14","don mynor","mynor@c.com","4443322","especial","23","123","27","2015-10-25 12:57:00","5","13","14","10","muy bueno!","5","4"
"5","Monoloco","5 Avenida Sur 6,Antigua Guatemala, Sacatepequez","Restaurante","-90.73423767089844","14.556051254272461","1",\N,"5","3","7","7","Tres estrellas",\N,"4","Comida a la Carta",\N,\N,\N,\N,\N,"13","5","4","14","don mynor","mynor@c.com","4443322","especial","23","123","27","2015-10-25 12:57:00","5","13","14","11","Tiene muchos problemas","2","4"
"5","Monoloco","5 Avenida Sur 6,Antigua Guatemala, Sacatepequez","Restaurante","-90.73423767089844","14.556051254272461","1",\N,"5","4","12","12","Grande",\N,"3","Buffet",\N,\N,\N,\N,\N,"12","5","3",\N,\N,\N,\N,\N,\N,\N,\N,\N,\N,\N,\N,"3","lavanderia camino real","6","3"
"5","Monoloco","5 Avenida Sur 6,Antigua Guatemala, Sacatepequez","Restaurante","-90.73423767089844","14.556051254272461","1",\N,"5","4","12","12","Grande",\N,"3","Buffet",\N,\N,\N,\N,\N,"12","5","3",\N,\N,\N,\N,\N,\N,\N,\N,\N,\N,\N,\N,"6","la lavanderia de camino real deja mucho que desear","3","3"
"5","Monoloco","5 Avenida Sur 6,Antigua Guatemala, Sacatepequez","Restaurante","-90.73423767089844","14.556051254272461","1",\N,"5","4","12","12","Grande",\N,"3","Buffet",\N,\N,\N,\N,\N,"12","5","3",\N,\N,\N,\N,\N,\N,\N,\N,\N,\N,\N,\N,"8","La lavanderiaa de camino real es muy buena (y)","6","3"
"5","Monoloco","5 Avenida Sur 6,Antigua Guatemala, Sacatepequez","Restaurante","-90.73423767089844","14.556051254272461","1",\N,"5","4","12","12","Grande",\N,"3","Buffet",\N,\N,\N,\N,\N,"12","5","3",\N,\N,\N,\N,\N,\N,\N,\N,\N,\N,\N,\N,"17","pesimo >:/","1","3"
"5","Monoloco","5 Avenida Sur 6,Antigua Guatemala, Sacatepequez","Restaurante","-90.73423767089844","14.556051254272461","1",\N,"5","4","12","12","Grande",\N,"3","Buffet",\N,\N,\N,\N,\N,"12","5","3",\N,\N,\N,\N,\N,\N,\N,\N,\N,\N,\N,\N,"25","Malo","1","3"
"5","Monoloco","5 Avenida Sur 6,Antigua Guatemala, Sacatepequez","Restaurante","-90.73423767089844","14.556051254272461","1",\N,"5","4","12","12","Grande",\N,"3","Buffet",\N,\N,\N,\N,\N,"12","5","3",\N,\N,\N,\N,\N,\N,\N,\N,\N,\N,\N,\N,"26","Malo 2","1","3"
"5","Monoloco","5 Avenida Sur 6,Antigua Guatemala, Sacatepequez","Restaurante","-90.73423767089844","14.556051254272461","1",\N,"5","4","12","12","Grande",\N,"4","Comida a la Carta",\N,\N,\N,\N,\N,"13","5","4","13","u2","correo@correo.com","4","normal",\N,"55","16","2015-10-22 15:02:00","3","13","13","10","muy bueno!","5","4"
"5","Monoloco","5 Avenida Sur 6,Antigua Guatemala, Sacatepequez","Restaurante","-90.73423767089844","14.556051254272461","1",\N,"5","4","12","12","Grande",\N,"4","Comida a la Carta",\N,\N,\N,\N,\N,"13","5","4","13","u2","correo@correo.com","4","normal",\N,"55","16","2015-10-22 15:02:00","3","13","13","11","Tiene muchos problemas","2","4"
"5","Monoloco","5 Avenida Sur 6,Antigua Guatemala, Sacatepequez","Restaurante","-90.73423767089844","14.556051254272461","1",\N,"5","4","12","12","Grande",\N,"4","Comida a la Carta",\N,\N,\N,\N,\N,"13","5","4","13","u2","correo@correo.com","4","normal",\N,"55","22","2016-01-28 15:00:00","6","13","13","10","muy bueno!","5","4"
"5","Monoloco","5 Avenida Sur 6,Antigua Guatemala, Sacatepequez","Restaurante","-90.73423767089844","14.556051254272461","1",\N,"5","4","12","12","Grande",\N,"4","Comida a la Carta",\N,\N,\N,\N,\N,"13","5","4","13","u2","correo@correo.com","4","normal",\N,"55","22","2016-01-28 15:00:00","6","13","13","11","Tiene muchos problemas","2","4"
"5","Monoloco","5 Avenida Sur 6,Antigua Guatemala, Sacatepequez","Restaurante","-90.73423767089844","14.556051254272461","1",\N,"5","4","12","12","Grande",\N,"4","Comida a la Carta",\N,\N,\N,\N,\N,"13","5","4","13","u2","correo@correo.com","4","normal",\N,"55","24","2015-10-31 07:07:00","2","13","13","10","muy bueno!","5","4"
"5","Monoloco","5 Avenida Sur 6,Antigua Guatemala, Sacatepequez","Restaurante","-90.73423767089844","14.556051254272461","1",\N,"5","4","12","12","Grande",\N,"4","Comida a la Carta",\N,\N,\N,\N,\N,"13","5","4","13","u2","correo@correo.com","4","normal",\N,"55","24","2015-10-31 07:07:00","2","13","13","11","Tiene muchos problemas","2","4"
"5","Monoloco","5 Avenida Sur 6,Antigua Guatemala, Sacatepequez","Restaurante","-90.73423767089844","14.556051254272461","1",\N,"5","4","12","12","Grande",\N,"4","Comida a la Carta",\N,\N,\N,\N,\N,"13","5","4","14","don mynor","mynor@c.com","4443322","especial","23","123","15","2016-02-02 14:01:00","3","13","14","10","muy bueno!","5","4"
"5","Monoloco","5 Avenida Sur 6,Antigua Guatemala, Sacatepequez","Restaurante","-90.73423767089844","14.556051254272461","1",\N,"5","4","12","12","Grande",\N,"4","Comida a la Carta",\N,\N,\N,\N,\N,"13","5","4","14","don mynor","mynor@c.com","4443322","especial","23","123","15","2016-02-02 14:01:00","3","13","14","11","Tiene muchos problemas","2","4"
"5","Monoloco","5 Avenida Sur 6,Antigua Guatemala, Sacatepequez","Restaurante","-90.73423767089844","14.556051254272461","1",\N,"5","4","12","12","Grande",\N,"4","Comida a la Carta",\N,\N,\N,\N,\N,"13","5","4","14","don mynor","mynor@c.com","4443322","especial","23","123","27","2015-10-25 12:57:00","5","13","14","10","muy bueno!","5","4"
"5","Monoloco","5 Avenida Sur 6,Antigua Guatemala, Sacatepequez","Restaurante","-90.73423767089844","14.556051254272461","1",\N,"5","4","12","12","Grande",\N,"4","Comida a la Carta",\N,\N,\N,\N,\N,"13","5","4","14","don mynor","mynor@c.com","4443322","especial","23","123","27","2015-10-25 12:57:00","5","13","14","11","Tiene muchos problemas","2","4"
"6","Vista Real","Interamerican Hwy","Hotel","-90.48493194580078","14.572171211242676","0",\N,"6","1","1","1","Costoso",\N,\N,\N,\N,\N,\N,\N,\N,\N,\N,\N,\N,\N,\N,\N,\N,\N,\N,\N,\N,\N,\N,\N,\N,\N,\N,\N
"6","Vista Real","Interamerican Hwy","Hotel","-90.48493194580078","14.572171211242676","0",\N,"6","4","11","11","Mediano",\N,\N,\N,\N,\N,\N,\N,\N,\N,\N,\N,\N,\N,\N,\N,\N,\N,\N,\N,\N,\N,\N,\N,\N,\N,\N,\N
"12","Barcelo","7 Avenida, 15-45. Zona 9, Guatemala","Hotel","-90.51852416992188","14.597034454345703","1",\N,\N,\N,\N,\N,\N,\N,\N,\N,\N,\N,\N,\N,\N,\N,\N,\N,\N,\N,\N,\N,\N,\N,\N,\N,\N,\N,\N,\N,\N,\N,\N,\N
"13","Holiday Inn","Primera Avenida 13-22 Zona 10, Guatemala","Hotel","-90.5166015625","14.633299827575684","1",\N,\N,\N,\N,\N,\N,\N,\N,\N,\N,\N,\N,\N,\N,\N,\N,\N,\N,\N,\N,\N,\N,\N,\N,\N,\N,\N,\N,\N,\N,\N,\N,\N
"14","Pizza Vesuvio","Paseo Cayalá, Bulevar Rafael Landivar 10-05, Guatemala","Restaurante","-90.48680877685547","14.608724594116211","1",\N,\N,\N,\N,\N,\N,\N,\N,\N,\N,\N,\N,\N,\N,\N,\N,\N,\N,\N,\N,\N,\N,\N,\N,\N,\N,\N,\N,\N,\N,\N,\N,\N
"15","La Media Cancha","13 C 4-71 Z-9 Guatemala, Guatemala","Restaurante","-90.52234649658203","14.600741386413574","1",\N,\N,\N,\N,\N,\N,\N,"3","Buffet",\N,\N,\N,\N,\N,"16","15","3","13","u2","correo@correo.com","4","normal",\N,"55","17","2015-10-31 20:08:00","9","16","13","3","lavanderia camino real","6","3"
"15","La Media Cancha","13 C 4-71 Z-9 Guatemala, Guatemala","Restaurante","-90.52234649658203","14.600741386413574","1",\N,\N,\N,\N,\N,\N,\N,"3","Buffet",\N,\N,\N,\N,\N,"16","15","3","13","u2","correo@correo.com","4","normal",\N,"55","17","2015-10-31 20:08:00","9","16","13","6","la lavanderia de camino real deja mucho que desear","3","3"
"15","La Media Cancha","13 C 4-71 Z-9 Guatemala, Guatemala","Restaurante","-90.52234649658203","14.600741386413574","1",\N,\N,\N,\N,\N,\N,\N,"3","Buffet",\N,\N,\N,\N,\N,"16","15","3","13","u2","correo@correo.com","4","normal",\N,"55","17","2015-10-31 20:08:00","9","16","13","8","La lavanderiaa de camino real es muy buena (y)","6","3"
"15","La Media Cancha","13 C 4-71 Z-9 Guatemala, Guatemala","Restaurante","-90.52234649658203","14.600741386413574","1",\N,\N,\N,\N,\N,\N,\N,"3","Buffet",\N,\N,\N,\N,\N,"16","15","3","13","u2","correo@correo.com","4","normal",\N,"55","17","2015-10-31 20:08:00","9","16","13","17","pesimo >:/","1","3"
"15","La Media Cancha","13 C 4-71 Z-9 Guatemala, Guatemala","Restaurante","-90.52234649658203","14.600741386413574","1",\N,\N,\N,\N,\N,\N,\N,"3","Buffet",\N,\N,\N,\N,\N,"16","15","3","13","u2","correo@correo.com","4","normal",\N,"55","17","2015-10-31 20:08:00","9","16","13","25","Malo","1","3"
"15","La Media Cancha","13 C 4-71 Z-9 Guatemala, Guatemala","Restaurante","-90.52234649658203","14.600741386413574","1",\N,\N,\N,\N,\N,\N,\N,"3","Buffet",\N,\N,\N,\N,\N,"16","15","3","13","u2","correo@correo.com","4","normal",\N,"55","17","2015-10-31 20:08:00","9","16","13","26","Malo 2","1","3"
"15","La Media Cancha","13 C 4-71 Z-9 Guatemala, Guatemala","Restaurante","-90.52234649658203","14.600741386413574","1",\N,\N,\N,\N,\N,\N,\N,"3","Buffet",\N,\N,\N,\N,\N,"16","15","3","13","u2","correo@correo.com","4","normal",\N,"55","18","2015-12-16 15:01:00","5","16","13","3","lavanderia camino real","6","3"
"15","La Media Cancha","13 C 4-71 Z-9 Guatemala, Guatemala","Restaurante","-90.52234649658203","14.600741386413574","1",\N,\N,\N,\N,\N,\N,\N,"3","Buffet",\N,\N,\N,\N,\N,"16","15","3","13","u2","correo@correo.com","4","normal",\N,"55","18","2015-12-16 15:01:00","5","16","13","6","la lavanderia de camino real deja mucho que desear","3","3"
"15","La Media Cancha","13 C 4-71 Z-9 Guatemala, Guatemala","Restaurante","-90.52234649658203","14.600741386413574","1",\N,\N,\N,\N,\N,\N,\N,"3","Buffet",\N,\N,\N,\N,\N,"16","15","3","13","u2","correo@correo.com","4","normal",\N,"55","18","2015-12-16 15:01:00","5","16","13","8","La lavanderiaa de camino real es muy buena (y)","6","3"
"15","La Media Cancha","13 C 4-71 Z-9 Guatemala, Guatemala","Restaurante","-90.52234649658203","14.600741386413574","1",\N,\N,\N,\N,\N,\N,\N,"3","Buffet",\N,\N,\N,\N,\N,"16","15","3","13","u2","correo@correo.com","4","normal",\N,"55","18","2015-12-16 15:01:00","5","16","13","17","pesimo >:/","1","3"
"15","La Media Cancha","13 C 4-71 Z-9 Guatemala, Guatemala","Restaurante","-90.52234649658203","14.600741386413574","1",\N,\N,\N,\N,\N,\N,\N,"3","Buffet",\N,\N,\N,\N,\N,"16","15","3","13","u2","correo@correo.com","4","normal",\N,"55","18","2015-12-16 15:01:00","5","16","13","25","Malo","1","3"
"15","La Media Cancha","13 C 4-71 Z-9 Guatemala, Guatemala","Restaurante","-90.52234649658203","14.600741386413574","1",\N,\N,\N,\N,\N,\N,\N,"3","Buffet",\N,\N,\N,\N,\N,"16","15","3","13","u2","correo@correo.com","4","normal",\N,"55","18","2015-12-16 15:01:00","5","16","13","26","Malo 2","1","3"
"15","La Media Cancha","13 C 4-71 Z-9 Guatemala, Guatemala","Restaurante","-90.52234649658203","14.600741386413574","1",\N,\N,\N,\N,\N,\N,\N,"3","Buffet",\N,\N,\N,\N,\N,"16","15","3","13","u2","correo@correo.com","4","normal",\N,"55","20","2015-11-25 14:01:00","6","16","13","3","lavanderia camino real","6","3"
"15","La Media Cancha","13 C 4-71 Z-9 Guatemala, Guatemala","Restaurante","-90.52234649658203","14.600741386413574","1",\N,\N,\N,\N,\N,\N,\N,"3","Buffet",\N,\N,\N,\N,\N,"16","15","3","13","u2","correo@correo.com","4","normal",\N,"55","20","2015-11-25 14:01:00","6","16","13","6","la lavanderia de camino real deja mucho que desear","3","3"
"15","La Media Cancha","13 C 4-71 Z-9 Guatemala, Guatemala","Restaurante","-90.52234649658203","14.600741386413574","1",\N,\N,\N,\N,\N,\N,\N,"3","Buffet",\N,\N,\N,\N,\N,"16","15","3","13","u2","correo@correo.com","4","normal",\N,"55","20","2015-11-25 14:01:00","6","16","13","8","La lavanderiaa de camino real es muy buena (y)","6","3"
"15","La Media Cancha","13 C 4-71 Z-9 Guatemala, Guatemala","Restaurante","-90.52234649658203","14.600741386413574","1",\N,\N,\N,\N,\N,\N,\N,"3","Buffet",\N,\N,\N,\N,\N,"16","15","3","13","u2","correo@correo.com","4","normal",\N,"55","20","2015-11-25 14:01:00","6","16","13","17","pesimo >:/","1","3"
"15","La Media Cancha","13 C 4-71 Z-9 Guatemala, Guatemala","Restaurante","-90.52234649658203","14.600741386413574","1",\N,\N,\N,\N,\N,\N,\N,"3","Buffet",\N,\N,\N,\N,\N,"16","15","3","13","u2","correo@correo.com","4","normal",\N,"55","20","2015-11-25 14:01:00","6","16","13","25","Malo","1","3"
"15","La Media Cancha","13 C 4-71 Z-9 Guatemala, Guatemala","Restaurante","-90.52234649658203","14.600741386413574","1",\N,\N,\N,\N,\N,\N,\N,"3","Buffet",\N,\N,\N,\N,\N,"16","15","3","13","u2","correo@correo.com","4","normal",\N,"55","20","2015-11-25 14:01:00","6","16","13","26","Malo 2","1","3"
"15","La Media Cancha","13 C 4-71 Z-9 Guatemala, Guatemala","Restaurante","-90.52234649658203","14.600741386413574","1",\N,\N,\N,\N,\N,\N,\N,"3","Buffet",\N,\N,\N,\N,\N,"16","15","3","13","u2","correo@correo.com","4","normal",\N,"55","21","2015-10-31 21:00:00","2","16","13","3","lavanderia camino real","6","3"
"15","La Media Cancha","13 C 4-71 Z-9 Guatemala, Guatemala","Restaurante","-90.52234649658203","14.600741386413574","1",\N,\N,\N,\N,\N,\N,\N,"3","Buffet",\N,\N,\N,\N,\N,"16","15","3","13","u2","correo@correo.com","4","normal",\N,"55","21","2015-10-31 21:00:00","2","16","13","6","la lavanderia de camino real deja mucho que desear","3","3"
"15","La Media Cancha","13 C 4-71 Z-9 Guatemala, Guatemala","Restaurante","-90.52234649658203","14.600741386413574","1",\N,\N,\N,\N,\N,\N,\N,"3","Buffet",\N,\N,\N,\N,\N,"16","15","3","13","u2","correo@correo.com","4","normal",\N,"55","21","2015-10-31 21:00:00","2","16","13","8","La lavanderiaa de camino real es muy buena (y)","6","3"
"15","La Media Cancha","13 C 4-71 Z-9 Guatemala, Guatemala","Restaurante","-90.52234649658203","14.600741386413574","1",\N,\N,\N,\N,\N,\N,\N,"3","Buffet",\N,\N,\N,\N,\N,"16","15","3","13","u2","correo@correo.com","4","normal",\N,"55","21","2015-10-31 21:00:00","2","16","13","17","pesimo >:/","1","3"
"15","La Media Cancha","13 C 4-71 Z-9 Guatemala, Guatemala","Restaurante","-90.52234649658203","14.600741386413574","1",\N,\N,\N,\N,\N,\N,\N,"3","Buffet",\N,\N,\N,\N,\N,"16","15","3","13","u2","correo@correo.com","4","normal",\N,"55","21","2015-10-31 21:00:00","2","16","13","25","Malo","1","3"
"15","La Media Cancha","13 C 4-71 Z-9 Guatemala, Guatemala","Restaurante","-90.52234649658203","14.600741386413574","1",\N,\N,\N,\N,\N,\N,\N,"3","Buffet",\N,\N,\N,\N,\N,"16","15","3","13","u2","correo@correo.com","4","normal",\N,"55","21","2015-10-31 21:00:00","2","16","13","26","Malo 2","1","3"
"16","Conquistador","Via 5, 4-68 zona 4, Guatemala","Hotel","-90.51605987548828","14.61998462677002","1",\N,\N,\N,\N,\N,\N,\N,\N,\N,\N,\N,\N,\N,\N,\N,\N,\N,\N,\N,\N,\N,\N,\N,\N,\N,\N,\N,\N,\N,\N,\N,\N,\N
"17","Grand Tikal Futura Hotel","Calzada Roosevelt 22-43 Zona 11, Guatemala","Hotel","-90.55388641357422","14.622682571411133","1",\N,\N,\N,\N,\N,\N,\N,\N,\N,\N,\N,\N,\N,\N,\N,\N,\N,\N,\N,\N,\N,\N,\N,\N,\N,\N,\N,\N,\N,\N,\N,\N,\N
"18","Radisson","1a. Avenida 12-46, Zona 10 Guatemala","Hotel","-90.52323913574219","14.636573791503906","1",\N,\N,\N,\N,\N,\N,\N,\N,\N,\N,\N,\N,\N,\N,\N,\N,\N,\N,\N,\N,\N,\N,\N,\N,\N,\N,\N,\N,\N,\N,\N,\N,\N
"19","La Estancia","Plazuela  12 calle 7-69 zona 9","Restaurante","-90.51744079589844","14.601469039916992","1",\N,\N,\N,\N,\N,\N,\N,\N,\N,\N,\N,\N,\N,\N,\N,\N,\N,\N,\N,\N,\N,\N,\N,\N,\N,\N,\N,\N,\N,\N,\N,\N,\N
"20","Hooters","Plaza Obelisco, Avenida La Reforma 16, Guatemala","Restaurante","-90.51663970947266","14.595264434814453","1",\N,\N,\N,\N,\N,\N,\N,"3","Buffet",\N,\N,\N,\N,\N,"15","20","3",\N,\N,\N,\N,\N,\N,\N,\N,\N,\N,\N,\N,"3","lavanderia camino real","6","3"
"20","Hooters","Plaza Obelisco, Avenida La Reforma 16, Guatemala","Restaurante","-90.51663970947266","14.595264434814453","1",\N,\N,\N,\N,\N,\N,\N,"3","Buffet",\N,\N,\N,\N,\N,"15","20","3",\N,\N,\N,\N,\N,\N,\N,\N,\N,\N,\N,\N,"6","la lavanderia de camino real deja mucho que desear","3","3"
"20","Hooters","Plaza Obelisco, Avenida La Reforma 16, Guatemala","Restaurante","-90.51663970947266","14.595264434814453","1",\N,\N,\N,\N,\N,\N,\N,"3","Buffet",\N,\N,\N,\N,\N,"15","20","3",\N,\N,\N,\N,\N,\N,\N,\N,\N,\N,\N,\N,"8","La lavanderiaa de camino real es muy buena (y)","6","3"
"20","Hooters","Plaza Obelisco, Avenida La Reforma 16, Guatemala","Restaurante","-90.51663970947266","14.595264434814453","1",\N,\N,\N,\N,\N,\N,\N,"3","Buffet",\N,\N,\N,\N,\N,"15","20","3",\N,\N,\N,\N,\N,\N,\N,\N,\N,\N,\N,\N,"17","pesimo >:/","1","3"
"20","Hooters","Plaza Obelisco, Avenida La Reforma 16, Guatemala","Restaurante","-90.51663970947266","14.595264434814453","1",\N,\N,\N,\N,\N,\N,\N,"3","Buffet",\N,\N,\N,\N,\N,"15","20","3",\N,\N,\N,\N,\N,\N,\N,\N,\N,\N,\N,\N,"25","Malo","1","3"
"20","Hooters","Plaza Obelisco, Avenida La Reforma 16, Guatemala","Restaurante","-90.51663970947266","14.595264434814453","1",\N,\N,\N,\N,\N,\N,\N,"3","Buffet",\N,\N,\N,\N,\N,"15","20","3",\N,\N,\N,\N,\N,\N,\N,\N,\N,\N,\N,\N,"26","Malo 2","1","3"
"20","Hooters","Plaza Obelisco, Avenida La Reforma 16, Guatemala","Restaurante","-90.51663970947266","14.595264434814453","1",\N,\N,\N,\N,\N,\N,\N,"9","Bar",\N,\N,\N,\N,\N,"14","20","9",\N,\N,\N,\N,\N,\N,\N,\N,\N,\N,\N,\N,\N,\N,\N,\N
"21","Taller Periférico"," 21 Calle 29-60, Guatemala, Guatemala","Taller","14.644001007080078","-90.54232025146484","1",\N,\N,\N,\N,\N,\N,\N,"5","Mecanica General","Mecanica general en vehiculos japoneses.","4","Rapido","200","5","6","21","5",\N,\N,\N,\N,\N,\N,\N,\N,\N,\N,\N,\N,"12",":) delicioso","6","5"
"21","Taller Periférico"," 21 Calle 29-60, Guatemala, Guatemala","Taller","14.644001007080078","-90.54232025146484","1",\N,\N,\N,\N,\N,\N,\N,"5","Mecanica General","Mecanica general en vehiculos japoneses.","4","Rapido","200","5","6","21","5",\N,\N,\N,\N,\N,\N,\N,\N,\N,\N,\N,\N,"13","no me gusta :P","1","5"
"21","Taller Periférico"," 21 Calle 29-60, Guatemala, Guatemala","Taller","14.644001007080078","-90.54232025146484","1",\N,\N,\N,\N,\N,\N,\N,"5","Mecanica General","Mecanica general en vehiculos japoneses.","4","Rapido","200","5","6","21","5",\N,\N,\N,\N,\N,\N,\N,\N,\N,\N,\N,\N,"18","genial <3","7","5"
"21","Taller Periférico"," 21 Calle 29-60, Guatemala, Guatemala","Taller","14.644001007080078","-90.54232025146484","1",\N,\N,\N,\N,\N,\N,\N,"7","Balanceo","Alineacion y balanceo de autos",\N,\N,\N,\N,"11","21","7",\N,\N,\N,\N,\N,\N,\N,\N,\N,\N,\N,\N,\N,\N,\N,\N
"22","Taller Automotriz Auto Seco","Col las victorias, Guatemala","Taller","14.645952224731445","-90.49903106689453","1",\N,\N,\N,\N,\N,\N,\N,\N,\N,\N,\N,\N,\N,\N,\N,\N,\N,\N,\N,\N,\N,\N,\N,\N,\N,\N,\N,\N,\N,\N,\N,\N,\N
"23","Taller Don Mynor","6 avenida San Francisco 1, zona 6 de mixco, Guatemala","Taller","14.664180755615234","-90.58303833007812","1",\N,"23","1","3","3","Accesible",\N,"6","Electromecanica","Servicio al sistema electrico de los autos.","5","Reparado","400","6","7","23","6",\N,\N,\N,\N,\N,\N,\N,\N,\N,\N,\N,\N,\N,\N,\N,\N
"23","Taller Don Mynor","6 avenida San Francisco 1, zona 6 de mixco, Guatemala","Taller","14.664180755615234","-90.58303833007812","1",\N,"23","1","3","3","Accesible",\N,"7","Balanceo","Alineacion y balanceo de autos",\N,\N,\N,\N,"10","23","7",\N,\N,\N,\N,\N,\N,\N,\N,\N,\N,\N,\N,\N,\N,\N,\N
"24","SPC soluciones para carros SA","Procurador de los derechos humanos anexo, 10-74, Guatemala","Taller","14.632499694824219","-90.56798553466797","1",\N,\N,\N,\N,\N,\N,\N,\N,\N,\N,\N,\N,\N,\N,\N,\N,\N,\N,\N,\N,\N,\N,\N,\N,\N,\N,\N,\N,\N,\N,\N,\N,\N
"25","Taller Cojulun","Bulevar Principal de Ciudada San Cristobal, 01008, Guatemala","Taller","14.609232902526855","-90.58879089355469","1",\N,\N,\N,\N,\N,\N,\N,"7","Balanceo","Alineacion y balanceo de autos",\N,\N,\N,\N,"8","25","7",\N,\N,\N,\N,\N,\N,\N,\N,\N,\N,\N,\N,\N,\N,\N,\N
"26","Servicios Mecanicos Juanito","8 avenida 1-23, Guatemala","Taller","14.631957054138184","-90.5813217163086","1",\N,\N,\N,\N,\N,\N,\N,"8","Enderazado y pintura","Enderazado y pintura",\N,\N,\N,\N,"9","26","8",\N,\N,\N,\N,\N,\N,\N,\N,\N,\N,\N,\N,\N,\N,\N,\N
"27","Asistec S&S","11 avenida Bulevar el caminero, zona 6 de mixco, Guatemala","Taller","14.659050941467285","-90.58879852294922","1",\N,\N,\N,\N,\N,\N,\N,\N,\N,\N,\N,\N,\N,\N,\N,\N,\N,\N,\N,\N,\N,\N,\N,\N,\N,\N,\N,\N,\N,\N,\N,\N,\N
"28","Carlos Electricidad","11 avenida 13 calle, zona 12, Guatemala","Taller","14.60303020477295","-90.54117584228516","1",\N,\N,\N,\N,\N,\N,\N,\N,\N,\N,\N,\N,\N,\N,\N,\N,\N,\N,\N,\N,\N,\N,\N,\N,\N,\N,\N,\N,\N,\N,\N,\N,\N
"29","GoAuto","10 avenida, zona 11, Guatemala","Taller","14.593446731567383","-90.56449127197266","1",\N,\N,\N,\N,\N,\N,\N,\N,\N,\N,\N,\N,\N,\N,\N,\N,\N,\N,\N,\N,\N,\N,\N,\N,\N,\N,\N,\N,\N,\N,\N,\N,\N
"30","Taller Hyundai","Avenida Petapa, Guatemala","Taller","14.582554817199707","-90.54512786865234","1",\N,\N,\N,\N,\N,\N,\N,\N,\N,\N,\N,\N,\N,\N,\N,\N,\N,\N,\N,\N,\N,\N,\N,\N,\N,\N,\N,\N,\N,\N,\N,\N,\N
"31","Casa San Lazaro","Antigua","Hotel","-5.659999847412109","40.959999084472656","0","4",\N,\N,\N,\N,\N,\N,\N,\N,\N,\N,\N,\N,\N,\N,\N,\N,\N,\N,\N,\N,\N,\N,\N,\N,\N,\N,\N,\N,\N,\N,\N,\N
"32","Hooters","Obelisco","Restaurante","-5.659999847412109","40.959999084472656","0","6",\N,\N,\N,\N,\N,\N,\N,\N,\N,\N,\N,\N,\N,\N,\N,\N,\N,\N,\N,\N,\N,\N,\N,\N,\N,\N,\N,\N,\N,\N,\N,\N
"33","Hotel Museo Casa Santo Domingo","3a calle oriente 28 A, Antigua Guatemala, Guatemala","Hotel","14.558563232421875","-90.72681427001953","1",\N,\N,\N,\N,\N,\N,\N,\N,\N,\N,\N,\N,\N,\N,\N,\N,\N,\N,\N,\N,\N,\N,\N,\N,\N,\N,\N,\N,\N,\N,\N,\N,\N
"34","Hotel y Restaurante Viña Española","Calle de los duelos final, Alameda del virrey No. 17, Antigua Guatemala, Guatemala","Hotel","14.560053825378418","-90.7246322631836","1",\N,\N,\N,\N,\N,\N,\N,\N,\N,\N,\N,\N,\N,\N,\N,\N,\N,\N,\N,\N,\N,\N,\N,\N,\N,\N,\N,\N,\N,\N,\N,\N,\N
"35","Hotel Posada de Don Rodrigo","7a avenida Norte, Antigua Guatemala, Guatemala","Hotel","14.558664321899414","-90.734130859375","1",\N,\N,\N,\N,\N,\N,\N,\N,\N,\N,\N,\N,\N,\N,\N,\N,\N,\N,\N,\N,\N,\N,\N,\N,\N,\N,\N,\N,\N,\N,\N,\N,\N
"36","Caseta Verde de Agronomi","Cerca de agro","Restaurante","3.000002861022949","5.002200126647949","1",\N,\N,\N,\N,\N,\N,\N,"10","Comida Rapida","Comida rapoda","6","Shukos","50","10","17","36","10",\N,\N,\N,\N,\N,\N,\N,\N,\N,\N,\N,\N,\N,\N,\N,\N
"36","Caseta Verde de Agronomi","Cerca de agro","Restaurante","3.000002861022949","5.002200126647949","1",\N,\N,\N,\N,\N,\N,\N,"10","Comida Rapida","Comida rapoda","7","Tortillas con carne","50","10","17","36","10",\N,\N,\N,\N,\N,\N,\N,\N,\N,\N,\N,\N,\N,\N,\N,\N
"36","Caseta Verde de Agronomi","Cerca de agro","Restaurante","3.000002861022949","5.002200126647949","1",\N,\N,\N,\N,\N,\N,\N,"11","Almuerzos","almuerzo",\N,\N,\N,\N,"19","36","11",\N,\N,\N,\N,\N,\N,\N,\N,\N,\N,\N,\N,\N,\N,\N,\N
"37","caseta verde de farmacia","cerca de farmacia","Restaurante","4.222099781036377","3.002000093460083","0","4",\N,\N,\N,\N,\N,\N,"11","Almuerzos","almuerzo",\N,\N,\N,\N,"18","37","11",\N,\N,\N,\N,\N,\N,\N,\N,\N,\N,\N,\N,\N,\N,\N,\N
